1.00136932883942,1.10369352570001,1.10520484507463,10.0426926276031,101.107655266701,1.10597853677359,9.98909844559586,0.523201439717512,11.04,659.882792124968,612790.461557903,177345.162215259,0.199261854280037,1.18761382756439,1.97141147660522,2.3412755294355,6.58342663256476,48.5828017075815,2.66007304782746,-0.359834196891192,4.62468394944258,11.52,421.078053256196,315834.033212917,138527.30627889,0.579446829553614,1.20053444199302,1.89742488247199,2.27792392250218,1.73420957745498,3.23136106504214,2.6315430907439,0.281854922279793,1.21206280550588,2.44,393.274285248523,278828.72178752,124164.058349784,0.620403321951254
1.00138879093066,1.10265629562651,1.1041876546895,10.0527131202846,101.313228408032,1.10497155547028,9.99830051813471,0.527394374835014,11.04,665.615368467149,618538.857647739,175495.03890808,0.187775145655538,1.18696993438272,1.92415049127458,2.28390878237066,6.5755030820559,48.3195532702193,2.59359208506248,-0.395668393782383,4.63172860263093,11.41,431.948116721933,333728.694177403,147149.518637778,0.565706652058804,1.2062223476697,1.90565150178024,2.29863942831766,1.72745546547352,3.19522647623088,2.67055310630025,0.299979274611399,1.20216393738545,2.39,393.79218344415,282682.012419008,127609.728677297,0.619543193218159
1.00136745905983,1.09110916660971,1.09260121372486,10.0480355778544,101.214673258653,1.09336517700914,9.99449740932643,0.523126454690466,10.92,649.401922292778,593825.697753479,172102.841075925,0.218962894044134,1.18282351949288,1.99332910159663,2.3577565434581,6.64594096031002,49.2652587342776,2.67577086167268,-0.352352331606218,4.72008555378711,11.58,418.594499776648,319953.959397744,144732.604154483,0.584122133917618,1.21263034707388,1.84853614550369,2.24159102770075,1.71574439072527,3.1463953019221,2.62926090182986,0.29039378238342,1.19378771056106,2.41,403.357522467849,283281.647831725,120584.356900324,0.611954035401097
1.00137678571793,1.09475828590333,1.09626553347595,10.0423201059757,101.101193847111,1.09703744562123,9.98845595854922,0.52459132421944,10.95,653.722923442213,608284.218307006,180930.557673173,0.208578389371266,1.18147630741692,1.95083798077797,2.30486885389823,6.62414396583952,48.7449163367174,2.61766319280336,-0.353056994818653,4.73084136739214,11.27,395.663803995367,288776.911126579,132227.065334495,0.616537162393441,1.21635919241492,1.84113599904785,2.23948269692787,1.7270267639833,3.18748343712542,2.64640801511405,0.290704663212435,1.19879413860433,2.41,409.677239864988,293234.164460699,125398.723597304,0.602917554051199
1.00134530711599,1.10489421874588,1.10638064080077,10.0492340526275,101.234776046785,1.10714193270787,9.99655958549223,0.518976188326228,11.06,677.789422105583,642469.939967217,183071.439248998,0.176069177198446,1.17902906216805,1.98679194012593,2.34248543788971,6.63042894180172,48.789521333472,2.65125582193278,-0.414715025906736,4.74580940355242,11.15,390.385219553068,291100.278683342,138699.659037845,0.619870538852802,1.22500436430349,1.79147710920142,2.19456727732154,1.69954427312219,3.08294817275989,2.61599071572319,0.299150259067358,1.16861388226481,2.39,420.311804459797,305655.070465315,128993.057497064,0.588508269610209
1.00139701144082,1.10481655556352,1.10635999693164,10.0513280933362,101.284135906974,1.10715228214138,9.99674611398964,0.528871795756209,11.06,660.935151368765,616574.709162152,179739.434847299,0.200542187393561,1.17771905472796,1.98292354484891,2.33532684283727,6.68092683456974,49.3070343971095,2.64280946730556,-0.330383419689119,4.81738229287872,10.84,379.2830791821,273411.086848836,129555.432694981,0.637562963491476,1.23099978019823,1.81397805619638,2.23300658846216,1.68398907537544,3.02636380523621,2.69639275657897,0.288487046632124,1.15587745364753,2.41,396.410912337768,273736.61922587,116595.007805409,0.620975543570588
1.00143959015936,1.10054406433699,1.10212839674195,10.0460026164016,101.185214132883,1.1029412574561,9.98976165803109,0.536501504467605,11.01,672.711300941828,627851.641149615,175311.146734768,0.17949783288079,1.17520995520335,2.03670418666269,2.39355503597033,6.72665704895198,49.8856124002555,2.706225070022,-0.37940932642487,4.86818669148903,10.95,388.500359504456,278357.428884894,127424.899549802,0.627197547505124,1.23153448201054,1.84905517511281,2.27717520729146,1.66845184073421,2.96832412900124,2.74502395716426,0.295689119170985,1.14189061521311,2.3,391.295494428618,270169.131183026,117056.967222889,0.626754462003065
1.00142509046735,1.10365382321943,1.10522662976215,10.0445119755624,101.151338958263,1.10603432734348,9.98890155440415,0.533744926849348,11.04,674.438530226634,631837.532601605,176970.201547342,0.177495566448748,1.17696454947097,2.00367367366121,2.35825288260751,6.67659261593191,49.073349568981,2.66829793812332,-0.376041450777202,4.82397488501196,10.89,417.635712452089,317344.067446647,142924.479131283,0.588893102414414,1.24102944292993,1.86467987561491,2.31412262727702,1.63431256161888,2.8509090364987,2.81718308356168,0.285181347150259,1.10668915469923,2.24,405.394109443884,286888.440536591,122544.056564791,0.606431412339492
1.00137339826103,1.10472809115766,1.10624532279697,10.0515211776473,101.28516814749,1.10702303757844,9.99778238341969,0.524434346824431,11.06,675.600259078136,640653.496750097,184217.786683653,0.173732758502535,1.17667514332194,2.06937197957027,2.43497857064726,6.76703123770499,50.4111510346306,2.75640418490953,-0.376103626943005,4.89296460694863,10.95,439.407665894228,345223.933660055,152144.836813442,0.557885272098435,1.24069059982641,1.85504203875126,2.3015332197615,1.61931363655844,2.79980769815708,2.80013868229587,0.29759585492228,1.09279962439138,2.24,431.08994859378,326658.687422109,140820.143643521,0.567460495770475
1.00139214712844,1.10554735154836,1.10708643611918,10.044623312277,101.149714688098,1.10787529717725,9.99018652849741,0.527603175122405,11.06,694.287494903784,668551.511424117,186516.385844344,0.148903392005534,1.17425263089142,2.0342112724729,2.38867793849028,6.84967391592677,51.5193714839585,2.69871912883114,-0.36979274611399,4.97850718332601,11.21,411.877036855003,311773.683460963,142130.989972505,0.595623520829078,1.23713601214866,1.86404252611599,2.30607413723466,1.62689708023554,2.82495280404338,2.80122637585487,0.290445595854922,1.10572187250214,2.27,432.431362849247,329187.516939384,142190.633363727,0.566859816580475
1.00138324564745,1.10542416843019,1.10695324159976,10.0454869645702,101.16552809823,1.10773689078681,9.99138860103627,0.525975816377044,11.06,679.915142130857,641441.489983293,179156.88948447,0.165917090021618,1.17423039424869,2.03121878589379,2.38511883576541,6.75830633499817,50.0418009777383,2.69382323994938,-0.347067357512953,4.91345022913349,10.75,374.168860027294,262124.841316162,122122.505502038,0.644673495273118,1.23263954409175,1.87464909179076,2.31076660183697,1.61676292542215,2.79370107420571,2.77585163395061,0.282870466321244,1.10100847246519,2.27,415.917797242043,309889.126818346,136901.512755672,0.588002433644979
1.00135620843207,1.10499673710066,1.10649534299293,10.0486085746075,101.223911875542,1.10726299880429,9.99552331606218,0.521022037353584,11.06,668.038095504075,622634.754213441,176359.857168729,0.187428860435307,1.17457126948796,2.05702747182694,2.41612536895537,6.82222267386338,51.004091678898,2.73391483353228,-0.422590673575129,4.95777800869733,10.66,374.265928726262,270323.318860092,130248.333454761,0.639431817754921,1.22734236082675,1.87249819700584,2.29819635775697,1.6501357998442,2.91091071410631,2.74084430792168,0.300901554404145,1.12524608449523,2.3,404.264365080659,291459.472657869,128029.795783801,0.605043818491052
1.00137814802405,1.09696972389072,1.09848151054815,10.0495964253545,101.248451864446,1.09925540282381,9.99561658031089,0.525227236077242,10.98,668.149292791982,619376.706440335,172953.22898191,0.190078578593759,1.17166682943495,2.11345538995718,2.47626557590335,6.93096939693041,52.7031360367083,2.78620449418391,-0.327740932642487,5.05005551048259,10.89,383.959383264718,281153.951318176,133729.143321154,0.625556522393689,1.22504306975822,1.85669841515713,2.27453552611932,1.68415318037541,3.03539711106891,2.70709663760902,0.284725388601036,1.156328272994,2.33,386.875499268077,259276.255050817,109603.603116893,0.634564710670497
1.00141765711392,1.1055765290048,1.10714385743613,10.0451110153172,101.164337015373,1.10794702428537,9.98966839378239,0.532390964316547,11.06,658.126627391861,608347.681641951,175217.023959765,0.202655048257995,1.17245105850201,2.07042114693735,2.42746746527165,6.97530466261436,53.2961278614261,2.73868852670709,-0.373181347150259,5.08453322799052,10.89,403.577265142251,299282.752722034,136408.143782336,0.605944212403426,1.22364005547014,1.88266813736322,2.303708144035,1.70146692950979,3.09781318045265,2.73920905206867,0.291875647668394,1.17048138174786,2.39,401.041885653892,281296.966858308,120462.372809479,0.615291687041213
1.00143522962028,1.09773000186187,1.09930549647561,10.0442743889146,101.151142649897,1.10011236539003,9.98812435233161,0.535599970984686,10.98,657.490332087443,609310.073098966,177016.53631051,0.205175540563126,1.17309982163197,2.10349562698474,2.46761034481943,7.0534061143438,54.5765071368453,2.78510325612042,-0.390911917098446,5.12683245223312,10.81,441.54664171391,354308.729793387,159345.292984554,0.549800973657781,1.22424502097709,1.87325412564861,2.29332203635011,1.73462466337094,3.22334479701415,2.73710372289162,0.287367875647668,1.19432619348143,2.41,433.150588495724,324659.412582982,137039.98026879,0.570503586406595
1.00555068000387,1.2266263309057,1.23343494115288,10.2135519068313,105.345382334399,1.23696039992077,9.99647374062165,1.05528462619419,12.33,597.088822168136,522769.561326578,166254.499768446,0.3064168148002,1.18666553084928,1.99479659845888,2.36715636444655,12.7875948486381,180.990062718349,2.70358070650993,-0.32876741693462,9.13274005220137,20.64,418.952149108811,315932.131880912,140411.228638021,0.586002163975258,1.22163782355785,1.77011312579614,2.16243714644878,2.83226603078689,8.53998705868354,2.53617852492156,0.298520900321543,1.97852715380123,3.82,395.406204303587,278069.115710766,121723.049308996,0.625109902968453
1.0056604794359,1.22778117543012,1.23473100552543,10.2072523824534,105.236995275205,1.23832759369112,9.9859807073955,1.06458147675856,12.33,605.491994239069,532916.507340457,166295.952252852,0.29545098320937,1.18171760978274,1.9034609738091,2.24935335228441,12.884486387389,182.8516960562,2.55832561670836,-0.357481243301179,9.29696066797818,20.55,367.941530397296,239843.527089889,104462.557298785,0.660448661103041,1.2236871193042,1.78787072427472,2.18779437627605,2.75330918399947,8.05469602008575,2.5723467561327,0.293472668810289,1.92523036594762,3.68,365.511903698726,235172.506784662,101573.555039195,0.665330055729492
1.00561454220161,1.23629932082619,1.24324057553679,10.2094136330741,105.270438467602,1.24683573276938,9.99002143622723,1.06066978169744,12.42,612.467659450354,538636.09897187,163519.465099275,0.288018240817132,1.18221525930625,1.93634631137909,2.28917815661373,12.9437093379355,183.996256227517,2.60585465062581,-0.375573419078242,9.3501340112393,20.81,407.961575854388,296804.842622102,130372.195248506,0.604111136273672,1.23818442501102,1.76209826455685,2.18180262651324,2.67279294319713,7.58643610064369,2.59327134575052,0.281521972132905,1.84099211648527,3.59,407.024279895028,291697.194048393,126028.429624326,0.606715248866386
1.00553600213417,1.23551438716124,1.24235419744536,10.2138921904561,105.35391994549,1.24589192000989,9.99714898177921,1.05395576959439,12.42,606.630239776469,532502.503143709,164502.255332452,0.29347175726625,1.18019386696584,1.89565493582905,2.23724032914898,12.856453158709,181.079161526225,2.5448102135484,-0.308167202572347,9.33706065526876,19.95,384.093692757304,269461.28094378,121933.316127838,0.63683643728944,1.2394080450008,1.77651732608065,2.20182986602767,2.622733048833,7.28702739122074,2.62441848140724,0.293429796355841,1.80670491350304,3.48,405.399219006958,291164.618095876,126816.091324424,0.609008134129635
1.00555492112825,1.23112363449962,1.23796242918839,10.2016428852229,105.109518298659,1.24149385352186,9.98414790996785,1.05438713948044,12.36,597.990126806747,524013.105389475,166420.913631126,0.307550908938594,1.17723148953205,1.89734769694395,2.23361745543353,12.9058469870997,182.209556027254,2.5365858858827,-0.358392282958199,9.42191442578457,20.32,368.383281498971,247357.983419258,111651.741331307,0.66165276574688,1.2284389716752,1.77536852345181,2.18093188329366,2.61437652614269,7.23745041384722,2.58153891071521,0.292797427652733,1.82513289501255,3.51,374.312186282032,246962.823968187,106853.211168952,0.652718055386267
1.00553572857948,1.24727031484329,1.2541748647715,10.2073681328464,105.222804273147,1.25774423368586,9.99063236870311,1.05324265639167,12.53,597.607568509413,516297.481162861,159162.675223129,0.311870324937295,1.1776236278797,1.87824959633241,2.21187110369655,12.9682505847946,183.557474476855,2.516011944099,-0.39924973204716,9.48423674561082,20,405.989667511951,302748.338446743,137920.728320279,0.606355008025845,1.22298680242117,1.73338423121244,2.11990603829778,2.64691123973687,7.42797855279704,2.48876794352796,0.286548767416935,1.85391266069004,3.45,422.448798752215,311782.136370775,133319.148803586,0.586776215283796
1.00558515538179,1.24372118283222,1.25066755888995,10.2133141461515,105.351548694407,1.25425990507727,9.99466237942123,1.05837403568368,12.5,601.92502144882,530436.637185101,168122.905738939,0.304676692000162,1.17568755042395,1.85386997832758,2.17957185362445,12.9520059093341,182.586604012958,2.47828789360158,-0.292797427652733,9.52122496800301,20.06,367.130853722141,254939.297785137,120154.234030389,0.660299147775865,1.21702668907055,1.75515742233498,2.13607342650195,2.68485867262606,7.6437963194761,2.49964526830968,0.287148981779207,1.89371498786075,3.56,395.527609814152,275843.724586572,119401.634461277,0.624702194945034
1.00575213899672,1.27065794479458,1.27796694591032,10.2103148378502,105.334089917993,1.28173560596998,9.98460878885317,1.0730432746734,12.76,609.389271948005,544335.437037059,172980.152271739,0.292697271981675,1.17509707523285,1.83974237306005,2.16187588176481,12.9840822426339,183.136187162099,2.45625265071132,-0.344512325830654,9.56003709920098,19.11,370.176721520961,253083.266911505,116052.461755498,0.660161218336479,1.21622391084028,1.74484245957584,2.12211911998551,2.72626359998974,7.8897532255417,2.48081910844123,0.292508038585209,1.92175352775745,3.62,393.994783403226,277666.652186969,122434.762838014,0.626160103242903
1.00559245428777,1.25916196996455,1.26620377572247,10.2100296467244,105.299036545934,1.26983466303176,9.99049303322615,1.05862550228223,12.65,590.404862208141,506978.133314144,158400.23199513,0.323038022586511,1.17567268631432,1.8379996816711,2.16088602319513,12.8987317724981,180.482809311037,2.45305740139812,-0.424908896034298,9.48959050869989,19.63,384.109984732279,274804.236940191,127263.756569159,0.635203046515876,1.22642157241641,1.76084939884324,2.15954368851781,2.71266822545974,7.81650802891075,2.53821831821993,0.293654876741693,1.88645005668967,3.56,442.677860637716,344124.366805574,148160.678506789,0.554933337732287
1.00554454001777,1.24692094275699,1.2538345458231,10.2115470269251,105.329946026212,1.25738983678433,9.99334405144694,1.05436898452863,12.53,589.370765497025,510058.934793587,162701.035571038,0.324256772880382,1.17501883826092,1.85111880841012,2.175099471741,12.8637415879174,179.311801044205,2.46854354892973,-0.280332261521972,9.48709752899573,19.03,334.975194684673,209826.228829821,97617.8477757868,0.705449439624326,1.22900723336366,1.73895102728909,2.13718339100346,2.70174319668575,7.74227436905976,2.52783206503778,0.286280814576635,1.88280398671477,3.62,394.568818265158,278288.540914514,122603.98856735,0.624657833154876
1.00551520448044,1.24167076236547,1.2485188305173,10.2049105708009,105.19046032414,1.2520378485157,9.98783494105038,1.05098861418519,12.47,585.197626376877,504565.80221571,162109.54029858,0.328421838504883,1.17747065763653,1.80355445194011,2.12363244660922,12.8042247381999,177.25964647015,2.41616495345638,-0.327309753483387,9.43075000473472,19.34,364.360873512904,245885.201638847,113126.355491761,0.667532920468082,1.22990723333168,1.81051211315058,2.22676194399852,2.63554082898293,7.36424348836764,2.6354991978869,0.290739549839228,1.83389603496803,3.56,401.714730430946,287029.490956509,125654.766311301,0.614186732924955
1.0053958484821,1.25667492272024,1.26345575019449,10.2006234206924,105.075761070592,1.26694373707373,9.98847802786709,1.03959004733748,12.62,585.578422386843,499973.194561104,157071.105796041,0.330878682024598,1.17742633342481,1.88372436803637,2.21794667584002,12.7896882592234,176.681129205589,2.52219743705738,-0.437717041800643,9.42301578237404,18.74,360.677072789724,252675.383649153,122587.432812989,0.666162240003796,1.23056924710792,1.75458016864461,2.15913239711949,2.61450389540129,7.25529678474491,2.54878920355073,0.298885316184352,1.81166577389939,3.48,424.482323518756,320099.004466369,139913.761486488,0.580618984554802
1.00553146987743,1.24748571409508,1.25438614374512,10.2065731406791,105.225672434128,1.25793410878289,9.98894962486603,1.05265899303342,12.53,577.262090935644,489964.270925355,156732.749293963,0.343146102295367,1.17603415488913,1.77245910626103,2.08447244710722,12.8782561876092,178.626844343108,2.36882296006007,-0.276570203644159,9.5358753840303,18.57,325.756160978715,199512.470019329,93395.3936037387,0.718120653091549,1.22172435754263,1.7325061336791,2.11664494310776,2.61746950031644,7.25887308155999,2.48696471343005,0.288070739549839,1.8371035607294,3.45,373.491546137828,250872.395744049,111376.460707623,0.653369667245092
1.00567131709509,1.25699701640305,1.26412584507065,10.2061545192116,105.242595377433,1.2677930413966,9.98318327974276,1.06530448893297,12.62,582.566058246595,505064.01774292,165680.805521945,0.334892069314063,1.177043520224,1.78118572873472,2.09653312032266,12.9979544788314,181.500457227781,2.38812051738319,-0.315359056806002,9.63403330098796,18.39,351.163878352294,232880.304236413,109564.234776988,0.685442587748821,1.21593419326595,1.74411676632078,2.12073121321787,2.66113424953327,7.51292184970652,2.47826831946184,0.288070739549839,1.87682407048638,3.51,387.06327784649,266670.672075369,116852.6910181,0.637383035355019
1.00579035651207,1.24683015471573,1.25404974582153,10.2184762802411,105.501056112211,1.25778274523922,9.99162915326903,1.07736929426762,12.53,612.799884416233,535450.033044601,159926.334704053,0.290880745107496,1.17655235244463,1.83652117943745,2.16076331398152,12.9916990899366,181.4414206279,2.45706287875749,-0.448574490889604,9.62159796651589,18.68,352.838597946629,238795.767515485,114300.691314542,0.671872731093804,1.212161306522,1.77894274404989,2.15636556085535,2.71642233287544,7.84211387671578,2.50881688706276,0.304587352625938,1.91631339952647,3.59,385.06000167452,264259.115393922,115987.910504341,0.637914132136954
1.01055360962443,1.45458818625786,1.46993934213994,10.419862586286,110.872180617919,1.4777647677852,9.99360965372508,1.45649399993254,14.69,572.841120562242,483490.400734081,155343.451327076,0.351956523990252,1.20211950372931,2.03585029974566,2.44733535199742,15.6466038566366,268.584439388104,2.81797463142504,-0.374533053515215,11.0513448465441,25.89,395.80287954733,281792.354342524,125132.434884566,0.615135697058803,1.22415257293054,1.87749369264296,2.29833873450975,3.44095845158779,12.7197183713025,2.6719323812236,0.290388247639035,2.36966782153102,4.66,405.78490314491,294462.777884202,129801.390263877,0.607299550168686
1.01057852957133,1.45708035807316,1.47249412572883,10.4172837883329,110.827782774787,1.48034364146103,9.98985309548793,1.45767347275935,14.71,574.050890175685,483280.719460933,153746.294949436,0.350726642586139,1.19977692559532,1.96972542783103,2.36323111807004,15.6159778501311,266.721124276263,2.72075602718091,-0.412371458551941,11.0859867180659,24.29,377.64926286691,267015.364313127,124396.398569207,0.638599624284524,1.22780458547841,1.87935483400012,2.30748048292637,3.35505149018104,12.0794646264957,2.69282171738327,0.298751311647429,2.30720514974397,4.68,359.345521141857,228610.913124451,99481.7095597376,0.672578803007437
1.01050063397423,1.44101521184356,1.45614678513443,10.4086924285504,110.613873720002,1.46386164545469,9.98525708289612,1.45160045042101,14.54,593.087828538789,520926.415006941,169173.242646085,0.321316184757025,1.1961870801484,1.9543471092551,2.33776476221633,15.5090547539238,262.401899819704,2.68546375482186,-0.21585519412382,11.091821648738,23.39,364.994192004258,250533.335749952,117312.57555311,0.654195515333064,1.22168524457524,1.82931130794222,2.23484263264766,3.31822212937502,11.8050651522542,2.6093623623041,0.272360965372508,2.30847033364777,4.57,383.611725536253,262491.898503679,115333.942534778,0.638553466844046
1.01030525904453,1.44486824194285,1.45975798346129,10.4194494713226,110.836352003523,1.46732032223874,10.0016579223505,1.44032478410263,14.6,585.043862474122,507869.722557089,165593.401538449,0.331416302313932,1.19670513108803,1.98992446573222,2.38135281861934,15.4043477679694,258.760411177233,2.7365962463056,-0.397439664218258,11.0040390289384,23.62,363.275018806747,246493.106316543,114524.367027501,0.661144861969963,1.22326006396074,1.83613309579415,2.24606828820158,3.36007982608911,12.1052856972271,2.62652890154407,0.298111227701994,2.32953984352562,4.63,383.49540413883,262758.902337956,115690.177342351,0.639499470853182
1.01033042151435,1.44673106157808,1.46167640326208,10.4077633691039,110.612138017829,1.46924801202941,9.98853095487933,1.44019845130292,14.6,568.355022332926,478534.553517864,155507.122106803,0.358635159633857,1.19549955934149,1.96539925062751,2.34963393805527,15.3468092657996,256.217263126146,2.69492018148189,-0.392098635886674,10.9939975602966,22.85,379.348270015628,264761.435487077,120856.325523227,0.641568443842145,1.22395534576309,1.86348464444808,2.28082199231966,3.39538396763672,12.3874978654127,2.65780594613335,0.29305351521511,2.34414145790183,4.77,368.905872614978,237906.006772075,101814.463922256,0.662088168369708
1.01009646092147,1.43716760505248,1.4516779116145,10.3900256529359,110.161517354357,1.45903779312809,9.98155299055614,1.42271898433107,14.49,549.549282523547,453565.023430938,151560.609508792,0.386706367027499,1.19419052339359,1.90563191168815,2.2756875700144,15.2577680269772,253.062337620816,2.60901597177078,-0.246778593913956,10.9652194130126,23.11,392.823553653751,288382.015701176,134071.671396015,0.619766667743292,1.22994820065829,1.81335965096494,2.23033843985066,3.38251482234372,12.2761037366691,2.61754676550377,0.264931794333683,2.32991673593575,4.74,367.479074315563,246885.717810137,111844.847750314,0.657545315729974
1.01015365043847,1.43427120022699,1.44883428862806,10.4142154552794,110.716664301077,1.45619512212403,10.0011437565582,1.4295632572269,14.49,557.102324816057,467351.690752782,156988.690437326,0.371958874206733,1.1946752365328,1.94182959178193,2.31985572686847,15.2300465321263,251.459554985709,2.66542522936949,-0.395183630640084,10.9676714775546,22.45,367.088215363549,254652.307045165,119898.54918637,0.656657433849133,1.23577753526677,1.81779698079091,2.24639267253717,3.34797647850251,12.0113317830165,2.6478638986792,0.302822665267576,2.29176116340119,4.68,378.981824518109,264852.618107149,121225.394792074,0.641241311075904
1.00986330207227,1.44415458318933,1.45839871608237,10.3903020346544,110.128270121911,1.46560944503919,9.9904092339979,1.40736155057337,14.57,573.588874288782,490523.957392806,161519.760684934,0.352208025317047,1.19652409102212,1.94684262807139,2.32944410591624,15.137094632647,248.317129246383,2.6808275615794,-0.353137460650577,10.8791300048675,22.19,396.489733585966,291730.593135653,134526.484296583,0.616478117009211,1.2413928445349,1.87372626363309,2.32603037629122,3.28091592791491,11.5363103640651,2.75093769806085,0.287806925498426,2.23490447704295,4.74,400.809676172597,289592.971434628,128944.574921046,0.613911077343006
1.00988340730451,1.43991506007754,1.45414632710019,10.3795553360906,109.924492019037,1.46133316445421,9.9783630640084,1.40710354446742,14.51,547.629092225745,455335.079334036,155437.456682042,0.386736720994669,1.19475016808049,1.89358419184715,2.26236003148394,15.0754297583837,245.165467152692,2.60307359323085,-0.306264428121721,10.9119534382056,22.19,419.726340850787,320020.698132613,143850.496928622,0.586380633169012,1.23308676119116,1.81979073945471,2.24395986895987,3.2900057741665,11.6069738288985,2.63768851762113,0.265393494228751,2.26064017236428,4.66,391.726392887882,285965.263070518,132515.696185567,0.621225425834156
1.010139973607,1.44837796489504,1.46306447923203,10.4126369312205,110.695781036996,1.47047861068201,9.9995592864638,1.42836894070742,14.63,575.5253423332,502937.465276545,171708.045608799,0.346210663712748,1.19150538559538,1.92522780572826,2.2939192990232,15.1756522746152,248.632486884737,2.6287496601976,-0.362109129066107,11.0011077966169,22.22,390.325806509181,281773.97364224,129419.738415198,0.626699655632669,1.226238508191,1.86493738750134,2.28685803991926,3.29805781063853,11.6721524069026,2.67018565952073,0.305666316894019,2.2757307446515,4.74,361.08427540704,240418.819117625,110036.965171398,0.665222985933772
1.0099466163579,1.45239703734703,1.46684347347688,10.3994167291616,110.378378797968,1.47413033118961,9.99424973767051,1.41386556975205,14.66,553.08312900459,460211.820114187,154310.872524679,0.383864485594127,1.19367881733808,1.90056610880476,2.26866550503089,15.0954469252321,245.546576534479,2.60760505514433,-0.323242392444911,10.9345435923264,22.04,350.227536312568,227255.64672183,104596.319530258,0.683913261139901,1.23153256721592,1.87296056446692,2.30661193225212,3.33096408028473,11.910395763653,2.70411593824544,0.281175236096537,2.2851261581247,4.68,355.687577342309,223211.759121906,96698.1064462648,0.679591291728678
1.0103070888955,1.46470130071715,1.47979810722899,10.400940549542,110.497838657892,1.48740834431639,9.98109129066107,1.43749127328652,14.77,575.843236831173,502609.159136768,171013.725732565,0.347690107879047,1.18844261532151,1.89234470106285,2.24894308562094,15.3022609725818,251.716204354926,2.57366147533597,-0.367670514165792,11.1764268743208,22.04,382.328214251699,266864.991818613,120690.12840572,0.641547942346058,1.22724428413125,1.84175409778188,2.26028218927813,3.37253209728171,12.2084120791333,2.64098523734427,0.273662119622246,2.32532439211695,4.77,384.153454503227,259954.181440117,112380.304833354,0.641052556269852
1.01033118775981,1.45483508726619,1.4698652617123,10.4158094296793,110.825564905907,1.47743652610059,9.99411332633788,1.4410570626217,14.69,552.14550739268,456857.305016857,151992.643682937,0.387120971684771,1.18778641813109,1.87954269306363,2.23249528311851,15.3368348990524,252.791685287881,2.55542224212543,-0.30890870933893,11.2118006121897,21.93,399.4941251234,293351.322931373,133755.766923262,0.616929111209036,1.23236992309375,1.8281380933772,2.25294240154001,3.32521221172606,11.873057814749,2.64441814830695,0.300199370409234,2.27891773252969,4.83,384.810256679757,266901.491598948,118822.557953007,0.637731835297725
1.01013790960872,1.46619573819673,1.48105989805926,10.4058998462317,110.561763439196,1.48855940065779,9.99284365162644,1.42726364277652,14.8,544.835958714563,447353.936529349,150507.714620932,0.396062919718275,1.19064119125335,1.90568047846177,2.26898167502398,15.3396399015436,252.649694088631,2.60028985732092,-0.333536201469045,11.1779983655901,21.61,350.157589204868,227198.460276228,104588.122998463,0.687441310886676,1.23669269929991,1.8627797318653,2.30368609480166,3.30342036955181,11.7385535752138,2.70817222516829,0.281605456453305,2.24904116909992,4.74,356.786053798752,225084.952289186,97788.6641038992,0.678347023649779
1.01038236605418,1.46075738368857,1.47592350156237,10.4097493315148,110.696969397184,1.48358059651318,9.98696747114376,1.44360744448506,14.74,555.362586598594,459127.463704769,150699.861111289,0.381601305474022,1.1859099888564,1.85472904519906,2.19954170132367,15.3865912781511,253.638099832632,2.51460120957905,-0.410650577124869,11.2939102909638,21.18,344.360913440243,229808.40751902,111223.968813621,0.691920071703138,1.22799424158354,1.83449617669113,2.25275074118374,3.28327562863472,11.595138699871,2.63060791047956,0.284900314795383,2.25636308825969,4.74,400.068134476898,289290.606220231,129236.093996406,0.618504064924256
1.02242330701355,1.65387387736401,1.69095919907784,10.896293687805,123.621359487352,1.71045387932376,9.99432748538012,2.12937026897738,16.9,683.756982776481,617332.46754218,149808.856046583,0.178215392050463,1.2101160866935,2.1907143603375,2.65101868879488,16.5124896840393,297.22722030464,3.09761750882581,-0.296208576998051,11.7196071836012,27.65,525.661709659314,442413.800766937,166093.567764984,0.415092230293383,1.22671400120857,2.16947757901369,2.66132852148416,4.0778169688352,18.5415287520907,3.1197781666564,0.288654970760234,2.74260508949725,6.73,495.128130134137,390626.471134103,145474.605883976,0.469410897495726
1.02123861183669,1.71324099194845,1.74962785235915,10.8539917714471,122.853895089021,1.76846564698613,9.98498050682261,2.06981164445514,17.47,721.881523746101,704966.652982448,183853.718656456,0.117908430198136,1.22710026511062,2.09345794159032,2.56888279512341,17.5979244063615,332.145309096805,3.06941018394417,-0.252699805068226,12.4948289097702,26.15,461.066670593364,384205.723070694,171623.248338644,0.505912583160812,1.21924313534807,2.15075908415599,2.6222982491447,4.32414077002027,20.6195452693294,3.03407065124268,0.280877192982456,2.94048849608963,7.3,450.87914526138,344967.452256337,141675.448624705,0.534668286657798
1.04565141151359,1.92751688662175,2.01551075321232,11.741242946408,146.61175605932,2.06799473074038,9.99746588693957,3.05664215755181,20.15,824.306617367029,855456.643311075,175975.243876002,-0.0502174145601475,1.21733515557974,2.32331730564048,2.82825583372296,19.3686418853789,412.405291520201,3.29816364148812,-0.375087719298245,13.4002254746995,31.64,569.533966602002,543061.807423371,218692.868309961,0.333468891647214,1.25268998216074,2.4364885092749,3.05216474721843,4.84547530444308,26.6431518057562,3.63750754120701,0.293586744639376,3.11515953485371,8.31,563.626393765634,494299.690760181,176624.979010928,0.358880516513059
1.05828518721976,1.91580704029705,2.0274702123177,12.1628118317703,158.276080045908,2.09864445561822,9.9927485380117,3.46280932743468,20.26,800.547374225261,809830.090107179,168953.991728219,-0.0138037706226217,1.21338676516932,2.40011971102548,2.91227349218033,19.7129257799578,426.786174810325,3.36897189604438,-0.161627680311891,13.6466807393494,32.74,541.043534009282,489618.018885523,196889.91319227,0.378317509354245,1.26007084546536,2.4085479345144,3.0349410321874,5.0364063577493,28.9908538726538,3.6026965079991,0.288830409356725,3.17291258002474,8.65,533.173611037791,454525.471789291,170251.372282214,0.40327573860887
1.05865579341984,1.88614176906521,1.99677491103203,12.1538479675581,157.826042129817,2.06872051078861,9.99111111111111,3.47354446559585,19.95,815.741731727077,836156.2066135,170721.63373241,-0.0411326436477984,1.20921305943894,2.4455250795012,2.95716086331831,19.6259338579601,423.20705795145,3.40446743889202,-0.245243664717349,13.6375056008693,33.34,589.535565183103,565010.86430601,217458.68169025,0.30577622168181,1.25901190810141,2.42411664502302,3.05199172271081,4.95967884183185,28.1188668648681,3.60860272835442,0.297602339181286,3.11838199161264,8.51,559.628064147786,508526.779195542,195343.209013744,0.354589098017384
1.05976544945675,1.92997650452137,2.04532241775505,12.1751086826688,158.327408517423,2.12205963189003,9.98864522417154,3.50632618755351,20.43,856.565301869401,911597.790443637,177893.674077019,-0.100957319567012,1.21312334565585,2.38175221437923,2.88935921483097,19.621243208834,425.687597064595,3.35081080505931,-0.219883040935673,13.5578720895303,34.17,609.198527807294,588812.420488106,217689.574205532,0.276136201409601,1.2597209781819,2.49166825189887,3.13880676758682,4.91447998563608,27.7146050808651,3.73081594828759,0.265194931773879,3.09249108065258,8.59,587.274188086979,559447.630756879,214556.658763659,0.309624105871301
1.06054213912166,1.92055987340959,2.03683467645704,12.2157402630712,159.361274578554,2.11546323127049,10.0057212475634,3.53573557617935,20.38,863.560784632992,926952.768420204,181215.539664255,-0.11356286796113,1.20905816766297,2.32342138719149,2.80915160510669,19.5309284492481,422.024729398206,3.24643745876737,-0.304600389863548,13.5478587809097,32.51,598.566712653233,563700.162655563,205418.053159064,0.291234915710077,1.25209250223237,2.42862520195091,3.04086340609532,4.95934528337968,28.1223738916287,3.58601757321129,0.312992202729045,3.14415004823129,8.54,584.277342960869,550429.337567294,209049.324069881,0.313757485540747
1.06345419155097,1.87351932191028,1.99240197583723,12.2919621944101,161.347416670853,2.07434260374528,9.99776803118908,3.62011874064676,19.92,866.777356266651,925938.827775068,174635.842438464,-0.120693012420834,1.20737552880296,2.15740291604498,2.60479548660085,19.550315400459,423.156908483436,3.01707377789467,-0.200107212475634,13.646586017745,34.06,605.273921193025,585258.008535774,218901.488859393,0.279964063869591,1.25556706240041,2.34591574887555,2.94545454545454,5.04893387663674,29.0834449900393,3.49104556997643,0.282592592592593,3.21177347919528,8.42,594.685058941169,556946.86373814,203296.544410278,0.30341995196668
1.05975966618117,1.96043687436937,2.07759192755094,12.1572683241685,157.589854208466,2.15617312825122,9.98752436647174,3.5057581778903,20.75,881.380969992336,959588.558396613,182756.144131981,-0.140053873529445,1.20635099043173,2.2824367799655,2.75341987010918,19.7419749871753,434.165933063354,3.18782949479179,-0.19401559454191,13.7318800040138,35.41,593.984267976723,574102.556583341,221285.245979497,0.291591427282032,1.2487996740028,2.39927661664364,2.99621585670711,5.00443820731146,28.7048128700842,3.51002315546871,0.279278752436647,3.17356933255959,8.56,598.21460201928,561406.047760824,203545.337691738,0.298939645405085
1.0562368157196,1.86735317895738,1.97236717556582,12.0524837464627,154.61164567808,2.04239883873561,9.99813840155945,3.40155751188775,19.72,881.926256035621,959439.598950333,181645.677865326,-0.138459472492752,1.20102397804488,2.35535586693448,2.82883887301698,19.4480539563878,421.540545511998,3.25624924738983,-0.374376218323587,13.6087681150983,35.81,576.658784525533,544671.352236658,212135.998466193,0.316116494723611,1.25388171618682,2.41193145159522,3.02427674785117,4.86312074859478,27.0144124587599,3.58772050103548,0.294493177387914,3.09707417970373,8.51,590.425565666442,538820.643859939,190218.295267401,0.312809038448076
1.05218413325785,1.8548239212099,1.95161629988417,11.9102838626914,150.543916352669,2.01412864374125,9.99684210526316,3.27304503086488,19.51,848.866725593904,900190.14697097,179615.429150454,-0.0898765596753395,1.19734949270138,2.26550149328342,2.71259706369713,19.3651591219048,418.626312936628,3.11732595123842,-0.190945419103314,13.6049290631237,35.75,580.294187856711,551920.165966135,215178.821505855,0.312923825819325,1.24939390163174,2.33162642895506,2.91311984121984,4.80492206131286,26.3301109295576,3.45097761698723,0.283040935672515,3.0807829084592,8.25,574.168919969316,524244.775396406,194574.826737675,0.335599561388032
1.04818515634351,1.84689215343709,1.93588494060006,11.7657556073217,146.621500468519,1.99243369479255,9.99026315789474,3.14000196193,19.34,823.032429174341,855422.090925966,178039.711453349,-0.0502780469853068,1.19654668808357,2.20656175868314,2.64025416440417,19.6099892132258,428.558143607917,3.04234289151466,-0.259746588693957,13.8357783471804,34.17,594.544416878884,574523.134614153,221040.0709723,0.296543410209187,1.24069817376608,2.31864798387505,2.87674231920017,4.8188145876214,26.3751338422347,3.38925951997681,0.298001949317739,3.13578001406055,8.22,552.088477003916,501184.865366813,196383.178926309,0.367210453578467
1.04436357611637,1.77821445837475,1.85710241085009,11.6283940587878,142.866155615884,1.9061361337768,9.98329434697856,3.00800091870562,18.54,785.272754368572,793164.86741707,176511.568663465,0.012005795428543,1.19665966119902,2.10928204166251,2.52409273334903,19.7864254293014,433.435318580012,2.89642648589283,-0.250019493177388,13.9714100969509,35.41,570.601961069534,531049.892059044,205463.294082645,0.338410309740532,1.23921376949202,2.22765573751382,2.76054166361502,4.77481649758837,25.8829240238504,3.25401245105488,0.262465886939571,3.12384929234337,8.48,504.353584540535,434245.960736581,179873.422497695,0.439343829421404
1.03070877606888,1.73461364300057,1.7878815049295,11.1914324998641,131.320963619394,1.81793989008562,10.0006627680312,2.4985935066612,17.88,738.822291722773,731952.349722943,186093.970976452,0.0888078899151703,1.20273234998882,2.03391943522952,2.44626070202153,19.1412358681393,401.1864120426,2.8342549099612,-0.336198830409357,13.5821504951756,33.11,556.542874546627,510344.629019176,200604.657810554,0.361099873962307,1.24515098458482,2.22106880624618,2.76556601092808,4.52088344989977,22.9326113562813,3.29603266179879,0.307875243664717,2.9751065679673,7.82,474.145398623369,387556.523207739,162742.664172025,0.488255158104962
1.02090498864761,1.66325375700864,1.69802405791699,10.843154312802,122.521318391653,1.71601207041754,9.98807992202729,2.05395853793533,16.96,660.10276506812,605291.704845454,169556.044394877,0.216786833125608,1.21177779271866,1.89985762464712,2.30220527887461,18.292069311935,356.254297907806,2.71470845059067,-0.288684210526316,13.2569424398077,26.01,457.674491871972,378323.526500519,168857.585990252,0.514924267659082,1.23622555342246,2.00749938676661,2.48172204040081,4.24949727159165,19.8696880645363,2.9187058335619,0.276764132553606,2.85224745906222,7.1,421.331814049408,311788.043383792,134267.545853627,0.579090271314023
1.04994427459573,2.09271099113232,2.19722992352293,11.8819869747992,150.93344541097,2.26489946094405,9.99422310756973,3.20009728385646,21.96,889.587832016037,928940.792599728,137574.281728735,-0.156607918327521,1.20648222973052,2.15264705136623,2.59713041435516,18.8440956809332,390.415793421295,3.02111028024969,-0.220836653386454,13.3046983469338,33.11,765.974100541985,764379.70219673,177663.379495627,0.0324101846399836,1.23539566225877,2.59732322159151,3.20872184143813,5.15288667773963,30.1067107131621,3.77742221839782,0.280756972111554,3.39745999556093,9.66,708.887212875709,675445.17671247,172924.096133779,0.133929463455599
1.09443627629994,2.02141832573124,2.21231354525775,13.3286590571285,191.49717350329,2.35877147262118,9.99915338645418,4.49618278115712,22.16,908.274983391035,965462.585192009,140499.139738023,-0.190473279612858,1.18017792682881,2.14645329432529,2.53319679893169,20.3314182948601,454.963212967496,2.86798774369111,-0.206314741035857,14.6532648189739,33.02,773.116108290727,793715.223587852,196006.706689252,0.014113479880425,1.25396576645995,2.56017868885721,3.21037643184725,5.58860864437891,35.7512342062897,3.76976825130602,0.281274900398406,3.52545727829232,9.05,682.817424711058,658483.421383696,192243.785894654,0.16754374667763
1.09572592700894,2.06822741132015,2.26621039753408,13.3767735460911,192.754724386195,2.41894535184475,10.0090836653386,4.5410135152557,22.73,964.793314166178,1066091.9573223,135265.818262548,-0.280913364308095,1.18105160909667,2.22926683173546,2.63287917872699,20.1267229125799,444.696906468665,2.99116307991283,-0.203037848605578,14.5756584269399,32.56,845.279893923714,907148.828539072,192650.729467387,-0.100531167849225,1.25037031205771,2.57041948113962,3.21397620875176,5.54337185320482,35.2468064274664,3.77666401361871,0.284093625498008,3.51109468933079,9.66,777.568814939942,791236.076942897,186622.814975791,0.0136460041784983
1.09436262204628,1.99268484136962,2.18071980791313,13.2792007931379,189.441325739022,2.32569746356919,9.99327689243028,4.46632041672218,21.81,978.597304757441,1090310.07063644,132657.38575791,-0.301429185210618,1.17900215436062,2.06235984681933,2.43152670246683,19.8454487497601,431.856396725412,2.76310178808105,-0.210488047808765,14.4405788702024,33.97,843.307487445306,905482.859781798,194315.341400484,-0.0990438602705473,1.24572485361451,2.562584139873,3.19227475251816,5.57879991888804,35.5495993868276,3.73834944969878,0.284372509960159,3.56887960008202,9.25,776.228966961446,789857.323283452,187325.914133417,0.0164249885443134
1.09740875998194,2.05439510745655,2.25451118738687,13.4226781265469,194.155081998258,2.4086825439243,10.001264940239,4.57232564545676,22.59,950.317097295511,1041274.44107558,138171.855663417,-0.254503862326216,1.17732052011706,2.16077063777278,2.54391961111633,19.6581856278097,422.593215308543,2.88901691221032,-0.21945219123506,14.370727364464,32.13,798.234236398411,830955.652904012,193777.756745458,-0.0286488152461339,1.2484148363467,2.5513508909815,3.18514430502768,5.62936280640527,36.3030305071087,3.73012060365121,0.285348605577689,3.57281317675582,9.46,756.234592243646,769548.173110441,197657.414604527,0.0501728519008066
1.09822167861978,2.02056791852037,2.21903149124272,13.4179284087059,193.601668143904,2.37629288620936,9.99848605577689,4.6044740800815,22.24,875.735741071202,910890.508496676,143977.420307149,-0.136751774798067,1.17890726478028,2.26724970265601,2.67287714553209,19.3759279015505,411.796935524181,3.04039348445033,-0.207958167330677,14.1151045756911,33.65,728.362680959446,724762.725068965,194250.530054532,0.0821396367619679,1.25129976791785,2.60212598272435,3.25603963827598,5.54370814063207,35.1954614079257,3.82837593065696,0.286424302788844,3.51413284811834,9.46,627.31194084398,575113.778892505,181593.507767065,0.255160588744522
1.09781268352516,1.93925939160471,2.12894355674894,13.3897680692633,192.642153022531,2.28138377816568,10.0036952191235,4.57448363088876,21.33,909.732665623829,967534.820305917,139921.29740288,-0.191110057170714,1.17586656896818,2.18574706997497,2.57014690780371,19.4158205645064,413.511886770542,2.91008402519406,-0.207290836653386,14.1929244104629,33.28,754.958363863609,767891.716635998,197929.585468381,0.0427778062248028,1.24574441062783,2.54749855346613,3.17353208406292,5.5591083102994,35.3448884964708,3.73556460230258,0.287081673306773,3.55447114967069,9.34,695.919125250409,676529.25333892,192225.824449625,0.145346107306908
1.1024462217395,1.98854884833397,2.19226816459021,13.5628039631731,197.784883357186,2.35308456966151,10.0106673306773,4.70051933374046,21.99,937.069139911801,1014415.92577806,136317.352803021,-0.236771338014196,1.16610920401605,2.36530024001933,2.75819838014791,19.1597420847399,406.356306761239,3.0924936356257,-0.205866533864542,14.037527560297,34.49,788.393555643908,811307.219493413,189742.820912569,-0.0127759041695043,1.23898631087635,2.5226406948709,3.12551728820464,5.63906363279975,36.3204608634749,3.63262910280185,0.28343625498008,3.62581888092174,9.25,763.616799971098,781853.656141295,198743.038943195,0.0390583323997848
1.10711269912518,2.01852882714951,2.23473889808747,13.7431700378127,203.390087156384,2.4079603705184,10.0043824701195,4.8614709520554,22.45,997.969287180341,1123891.73230096,127949.034145721,-0.330123821499624,1.17532638245355,2.28759929064804,2.68867579878067,19.0506081213248,399.378146176739,3.05726882774541,-0.213247011952191,13.9763127776308,34.43,814.742083658502,853093.959403229,189289.296519031,-0.056211486562602,1.24243722691622,2.56050600490949,3.18126798024209,5.67104455635685,36.7058781413017,3.71304474801268,0.281155378486056,3.63867758068127,9.51,786.402696350123,806036.288277744,187607.087451,0.00275709656289255
1.10637420473575,1.98722738682961,2.1986171197327,13.7130051513787,202.422429236902,2.36982289689734,9.99794820717132,4.87255732942376,22.1,957.640554639261,1046223.13137175,129147.699481957,-0.272323849003676,1.16827072309847,2.33701513832754,2.73026636554599,19.0607006868217,400.78962155937,3.07615035701697,-0.207161354581673,14.0147724657968,34.32,828.970775219063,880787.112763818,193594.566596524,-0.0739714764058697,1.24060839450719,2.58176219820854,3.20295585571885,5.55881878749132,35.3461166422647,3.72904293757247,0.285498007968127,3.56543571747265,9.23,792.920338103486,828176.379413494,199453.716835347,-0.00945869236875093
1.1028807176761,1.96252841287007,2.16443474444589,13.6511449548722,200.432953209715,2.32123980860507,10.0048406374502,4.84045926919047,21.81,982.519366810063,1095780.03902085,130435.732864009,-0.30532873185587,1.17255499625648,2.16481486671985,2.53836448794266,19.3196908515469,411.370780478548,2.8780537126132,-0.199770916334661,14.1962552898483,34.14,825.57395824844,871838.87529582,190266.514757823,-0.0709749707629369,1.24268009954447,2.5656629112557,3.18829824195678,5.53981589972266,35.0788423007115,3.72629324012994,0.289302788844621,3.55243523847817,9.31,782.086145653276,812975.25641922,201316.517196423,0.00775820545562779
1.10379728362628,1.95292624820646,2.15563468789275,13.6681343403184,201.024784949915,2.32017942181299,10.0108366533865,4.85946516523524,21.73,975.916021162719,1083916.24664734,131504.166285267,-0.296961319464186,1.16591545354725,2.01494668750541,2.34925748103639,19.531336906315,421.517909471925,2.63948598477348,-0.214183266932271,14.3533252521114,33.22,810.77881362625,840856.931522206,183494.646897017,-0.0520635610767687,1.23887724205454,2.43380863781528,3.01519013290512,5.58053947075222,35.5274831725206,3.52510961418813,0.284163346613546,3.60222131496735,9.63,770.230498526096,781648.461350305,188393.440490547,0.0261237041740435
1.10311800491976,1.96901049092443,2.17205092441464,13.615170701052,199.126220799248,2.33688875349901,10.0007768924303,4.83481691795393,21.87,957.956438822901,1046655.11593767,128974.57725542,-0.271833089624067,1.17263434467179,1.9987125842821,2.34375902145689,19.8760257388988,437.495444929464,2.65467804934577,-0.190308764940239,14.5303406294505,35.67,827.804976066982,873565.999786335,188304.921385079,-0.0743032841973929,1.2392725473964,2.46361773255815,3.05309382323828,5.58082472855112,35.4553396933345,3.57990433879784,0.286304780876494,3.61930059271068,9.46,780.702638118232,809766.56804844,200269.958883673,0.0111003564417242
1.103223552218,1.98534576473389,2.19028020695068,13.5997752045428,198.790502047292,2.35976297422226,10.0020019920319,4.81900972315479,22.04,968.878474458541,1074263.08286594,135537.584596831,-0.282824627928355,1.17688250360918,2.00400464665085,2.35847800579488,20.2741998660208,456.489525099198,2.67743619603042,-0.192848605577689,14.691646789819,35.98,798.048569748397,820900.995516181,184019.475838718,-0.0305931315941026,1.23554325673466,2.38063906120315,2.94138253878868,5.48411110722369,34.3165680371798,3.42932091782685,0.285866533864542,3.55234894078892,9.02,720.955640050706,718010.022149284,198232.987228361,0.102666934753365
1.09516863792498,1.98258253705197,2.17126221667706,13.3477210157972,191.16252373155,2.32033428758458,10.0029482071713,4.61660863053866,21.84,838.497459636851,867391.391723142,164313.40190569,-0.071848061432413,1.17587756254013,2.11624208219197,2.48844158135274,20.4438675206135,463.48575255983,2.81566151234974,-0.217818725099602,14.8103194912436,36.27,693.274269260224,664868.410607573,184239.198189276,0.145058525743871,1.23603444535786,2.56525947140816,3.17074906794097,5.46252317980789,33.9174175875257,3.6938546463553,0.2824203187251,3.55355188868108,9.17,570.146218248042,490611.65510838,165544.944925835,0.356352422580393
1.05815348301593,1.99778794326561,2.11396627049373,12.1703116750271,158.866650371951,2.19119716518067,9.99921,3.47941336913183,21.15,823.332859980483,859142.422062918,181265.423739275,-0.0459634498774646,1.18731283107869,2.20146199347489,2.6138240719848,19.2207286494405,409.467878087966,2.99296810860311,-0.10136,13.7928184861613,36.36,691.09684504798,671187.559199268,193572.709963996,0.150057832669088,1.23934219059304,2.38824972511156,2.95985864600298,5.34536745660954,32.0684758898772,3.53314999687362,0.26723,3.57602737669874,9.83,550.530468365824,465466.337234388,162382.540635294,0.381412395671453
1.09944907760476,2.04736043722742,2.25096854423417,13.4685343146288,195.482863420821,2.41450651428448,10.00328,4.65822346903704,22.59,871.248089974508,950782.740099475,191709.505815246,-0.125197007590652,1.17294618300444,2.03092035987282,2.38216028409882,19.9487534939358,436.700042902402,2.7009060103308,-0.1835,14.6645643302826,36.56,694.713095497681,699684.429228561,217058.14417259,0.140667863213524,1.23460176372943,2.24524244131038,2.77198027804196,5.73395048276572,37.0318004041947,3.25983658683643,0.28243,3.79499594061565,9.92,570.889815893334,513197.731903683,187282.550012959,0.346939283015596
1.10368395117013,1.97065897910392,2.17498468846631,13.6155756767373,199.914073726639,2.34054913125305,9.99673,4.78665234247775,21.84,875.502893600999,948725.367875278,182220.051171556,-0.134508304133753,1.17397901937969,2.01785334117794,2.36891748672811,19.9176706026452,436.181566564933,2.69054054050713,-0.1409,14.6062985779474,35.58,696.508404098745,703444.193395147,218320.236414966,0.134013626946016,1.23746279933292,2.20131139809006,2.72404096488398,5.75393674715166,37.2916845287798,3.20240612042266,0.27279,3.78982171936419,9.97,596.965297432447,559009.037754979,202641.471416369,0.307965212835654
1.10652067478064,2.0085932988095,2.22255001235857,13.673362022574,201.32834498827,2.39710500446963,9.97698,4.87284521610323,22.3,830.188508385584,873057.321592872,183844.362137392,-0.0699604327482871,1.17587446643783,2.06015207935584,2.42248022709332,19.7429974444943,426.945557485494,2.75559425406223,-0.20883,14.4998228469762,37.13,670.437381481218,655616.366359688,206130.083872295,0.178781386941528,1.24360818663405,2.35334277879008,2.92663634565948,5.74926703200833,37.1733820867435,3.46082866854109,0.25742,3.76644876241266,9.92,569.250366606936,518970.812586638,194924.832704507,0.346675453601923
1.10890079302687,2.01574676532859,2.23526318661422,13.8218443322862,205.822856409151,2.41382137362082,10.01167,4.97156832425168,22.53,806.858979286697,830804.66828656,179783.255830991,-0.0286365511068342,1.17352581777953,2.08204635942167,2.4433351565952,19.5047540427787,417.611087972806,2.76076165476036,-0.2808,14.2932159145932,37.28,629.077984413809,597505.652904337,201766.542430195,0.237895773359603,1.24354509101937,2.35609577793618,2.929911338624,5.73029657139948,37.0377622083466,3.45157946018217,0.27839,3.73498324061939,9.77,565.094840658861,495934.969398065,176602.790458802,0.363143323889202
1.11298950076062,2.03793151317114,2.26819637742867,13.9504723214445,209.848526739423,2.46191924620757,10.01233,5.08194624614908,22.88,771.461339231788,770587.95133719,175435.353407887,0.0296258205696566,1.17549252141097,2.07348317862733,2.43736396974787,19.3781611370714,412.925685259821,2.77193215744695,-0.22892,14.19876292859,33.74,623.710959608695,585072.921301137,196057.560165138,0.25355934792198,1.24347859158555,2.32935625990446,2.89650464136699,5.73118494950376,36.9918286957367,3.42522543194931,0.29899,3.74204949383547,9.83,511.536552695723,425755.808304984,164086.16356116,0.439157543545813
1.115308023373,1.9810100123962,2.20943636120772,14.0462850599544,212.550770566899,2.40078869958894,10.00455,5.19563137480739,22.33,824.521017647006,864620.075141249,184785.166599594,-0.0522499691439353,1.1703617585589,2.07804604294899,2.43206562119216,19.2908136079399,408.633992844503,2.74231589637968,-0.15884,14.1829826359215,32.28,618.331405275735,587117.32481503,204783.598064765,0.256472735287162,1.23688421151671,2.34608270059517,2.90183265127865,5.81935440913238,38.1745838095499,3.39328349973287,0.27385,3.8154830084916,10,550.304866594983,482662.041130448,179826.594932326,0.385666515237999
1.11653171123571,1.98123081475196,2.21210703194793,14.0758574094443,213.347332295909,2.40904937206855,9.99959,5.23521302214984,22.36,842.583694101397,888312.540578064,178365.259012506,-0.0853184381003517,1.1778674977994,2.1147456023303,2.49089011109907,19.1565438601973,402.062038006763,2.82971561946977,-0.17435,14.031261328618,33.31,662.345570896628,658953.746987105,220252.091700724,0.191805973425919,1.24280066829666,2.40701772136635,2.99144323271601,5.82793441650872,38.2709461461314,3.51661470858063,0.26807,3.80215203999462,9.94,557.963402705124,493528.110697953,182204.951939673,0.366645628144447
1.11677354671466,1.994210334977,2.2270813486873,14.1189569962329,214.708960139766,2.42442171529559,10.00539,5.28188869592082,22.56,862.017565822055,927784.126645033,184709.842859251,-0.112325521727521,1.17385050129636,2.17610793356203,2.55442538868678,19.005474925328,395.407879196966,2.89717341865645,-0.17947,13.9803300908293,32.74,636.958943209352,609610.1877525,203893.492418125,0.228104978238822,1.23880066893201,2.38746611603449,2.95759462159605,5.72256089094776,36.8747331255985,3.46598728948904,0.28455,3.7482050956343,9.92,568.110600521806,515788.895900051,193039.241474805,0.351620881294132
1.11855048202401,1.96862916176644,2.20201109782037,14.1949739941572,217.025671160626,2.40141365809699,9.99453,5.36656021559878,22.33,868.034484532783,933506.147197022,180022.280858929,-0.123413294063996,1.17798393965367,2.13580695151013,2.5159462870796,19.1363136455842,402.477583066121,2.85794848831272,-0.15093,13.9587366320689,33.94,643.286480306761,622726.266980123,208908.771234662,0.217605623752557,1.23935507925243,2.41596365634986,2.99423682878647,5.79041031827629,37.7922574891754,3.51664809554587,0.27627,3.78741327113723,9.89,575.657523892715,519251.684750982,187870.099936691,0.33945200516077
1.11489703379283,1.96935523356675,2.19562830838795,14.0366426263442,211.938916906277,2.38628809002131,9.99231,5.2425776660422,22.22,858.771263470975,921613.498506731,184125.415543198,-0.107347788214103,1.18299556354601,2.06786219881754,2.44627180722565,19.1678722274206,402.070639125397,2.80243195569223,-0.19382,13.9717570406303,32.33,628.090524597292,590552.138574832,196054.43148593,0.246356241109791,1.24124342742546,2.4549526689918,3.04719386502666,5.778794557414,37.5425304774375,3.57536062951914,0.25795,3.78544410665177,9.71,564.309081493275,512872.983975077,194428.244519294,0.354576461453359
1.11361914126269,2.00953846062477,2.23786049485529,14.0232559751186,211.704270892141,2.430447741779,10.01788,5.20065789570398,22.68,843.760796840751,902559.997145784,190627.714860443,-0.0859478363171895,1.1852938035069,2.19608228327734,2.60300272235992,19.3839277457131,413.205006309834,2.9763827553774,-0.28962,14.0062168899088,34,604.999595310022,564635.794334025,198611.284008734,0.273754373538979,1.24128070250107,2.3934958714496,2.97100023674637,5.67418041900206,36.2296919729677,3.50352454496921,0.27643,3.7141682785115,9.74,576.85290062368,517497.392918587,184738.123960635,0.343155706231929
1.11325362540724,1.97649623177967,2.20034159563247,14.008751347375,211.229325117996,2.3881663318032,10.00899,5.21000374461659,22.3,817.87516858367,852114.919174374,183195.127788608,-0.0425076501644287,1.19004223507073,2.15159040963701,2.56048346004117,19.3800656159732,410.867284773682,2.94839294210906,-0.25614,14.017559483529,33.28,591.153400265468,542095.250311696,192632.907666272,0.301738108968562,1.23819007654015,2.38314276197138,2.95078371885145,5.64944491449778,35.8602384876332,3.46344824094841,0.30183,3.71578578703282,9.37,514.1565555498,434902.048261718,170545.084646883,0.430056464790745
1.1073736481612,1.96747217482917,2.17872683989623,13.7680614635713,203.647360712455,2.35411726324242,10.0002,5.02819368080543,22.02,780.726051065912,781782.633129166,172249.466316192,0.0152894988179586,1.18791178355645,2.11712346898522,2.51495591605145,19.4169393206251,413.748971093081,2.88003494621112,-0.16609,13.9872434522064,31.99,603.5858544944,558305.097270584,193989.213524848,0.278766709824554,1.2338537203978,2.40296475563509,2.96490700372514,5.62680062133166,35.5741388411488,3.47032544988289,0.27289,3.72476348388873,9.57,522.446897994114,436959.353788299,164008.592564627,0.427827704352235
1.09283690772906,1.90289570933625,2.07955466272192,13.1978817620706,186.746834332139,2.22717973164981,9.99708,4.53823719856846,20.89,857.021430394713,915810.404136539,181324.671980739,-0.107415746949241,1.18964837842894,2.20535883558647,2.62360156260939,18.8121919278334,387.058108959641,3.01378603870136,-0.20676,13.5993885550591,30.84,628.137832097992,602725.024163925,208167.88805116,0.242402698246832,1.23564965281635,2.18299371173473,2.6974154220053,5.52891184345779,34.2078266987862,3.18714107914277,0.26986,3.69333555311563,9.71,544.718064257326,477174.468196988,180456.69866874,0.386045803306926
